filename,text,up_votes,down_votes,age,gender,accent,duration
cv-invalid/sample-000000.mp3,revenge is not my style but obviously accidents will happen,1,10,,,,
cv-invalid/sample-000001.mp3,it was bunched up and he had hardly thought of it for a long time,0,2,twenties,male,us,
cv-invalid/sample-000002.mp3,then suddenly he noticed it with a start,10,4,thirties,female,canada,
cv-invalid/sample-000003.mp3,that's the point at which most people give up,0,1,,,,
cv-invalid/sample-000004.mp3,you got someplace to sleep,0,1,,,,
cv-invalid/sample-000005.mp3,the stranger placed his sword in its scabbard and the boy relaxed,0,2,,,,
cv-invalid/sample-000006.mp3,it all happened rather suddenly,0,1,twenties,female,,
cv-invalid/sample-000007.mp3,he must know how to deal with the snakes of the desert,0,1,,,,
cv-invalid/sample-000008.mp3,the loafers and golf caddies were used to hanging out near the railway station,1,2,,,,
cv-invalid/sample-000009.mp3,because you will never again be able to keep it quiet,0,1,,,,
cv-invalid/sample-000010.mp3,the englishman prodded him and the boy asked her about the man who cured people's illnesses,0,1,thirties,male,,
cv-invalid/sample-000011.mp3,judge may not think so,0,2,,,,
cv-invalid/sample-000012.mp3,tear down all the fences,0,1,,,,
cv-invalid/sample-000013.mp3,i imagine this will be a surprise to some people,0,1,,,,
cv-invalid/sample-000014.mp3,and they had understood each other perfectly well,3,4,thirties,male,australia,
cv-invalid/sample-000015.mp3,artificial neural networks can do something very similar,0,1,,,,
cv-invalid/sample-000016.mp3,taking the jacket out he began to clean the glasses,150,17,,,,
cv-invalid/sample-000017.mp3,the boy wanted to believe that his friend had simply become separated from him by accident,0,1,,,,
cv-invalid/sample-000018.mp3,the old man wore a breastplate of heavy gold covered with precious stones,1,3,,,,
cv-invalid/sample-000019.mp3,the area was swirling in dust so intense that it hid the moon from view,0,3,sixties,female,african,
cv-invalid/sample-000020.mp3,chad waves up at them and continues on across the street,0,2,,,,
cv-invalid/sample-000021.mp3,maybe tomorrow said the boy moving away,10,2,,,,
cv-invalid/sample-000022.mp3,and the alchemist understood that the boy's heart had returned to the soul of the world,0,3,,,,
cv-invalid/sample-000023.mp3,you have helped me the man continued to prepare his tea saying nothing,0,1,,,,
cv-invalid/sample-000024.mp3,no doubt the impact had caused a flash of fire,1,2,fourties,male,us,
cv-invalid/sample-000025.mp3,a thin circle of bright metal showed between the top and the body of the cylinder,11,8,,,,
cv-invalid/sample-000026.mp3,just make yourselves at home,0,1,,,,
cv-invalid/sample-000027.mp3,the alchemist dismounted and told the escorts they could return to the camp,0,1,,,,
cv-invalid/sample-000028.mp3,scattered groups of people were hurrying from the direction of woking,1,2,,,,
cv-invalid/sample-000029.mp3,mine's in the door,0,1,,,,
cv-invalid/sample-000030.mp3,they wouldn't take it,1,2,,,,
cv-invalid/sample-000031.mp3,christmas eve at midnight,0,1,fourties,male,canada,
cv-invalid/sample-000032.mp3,he looked like an arab which was not unusual in those parts,1,2,,,,
cv-invalid/sample-000033.mp3,it's the philosophy that guarantees everyone's freedom,0,1,fourties,male,us,
cv-invalid/sample-000034.mp3,and continue to pay heed to the omens,0,1,,,,
cv-invalid/sample-000035.mp3,what had been next to him five minutes ago was now at the other side,1,3,,,,
cv-invalid/sample-000036.mp3,his name was joseph,0,1,fourties,male,us,
cv-invalid/sample-000037.mp3,what should we give him,0,1,thirties,female,us,
cv-invalid/sample-000038.mp3,i myself heard nothing of that,0,1,,,,
cv-invalid/sample-000039.mp3,maybe he should not call people names that they don't want to be called,1,2,,,,
cv-invalid/sample-000040.mp3,i've crossed these sands many times said one of the camel drivers one night,1,2,,,,
cv-invalid/sample-000041.mp3,in those days very few of the people had any idea about astronomy,1,38,,,,
cv-invalid/sample-000042.mp3,worryingly the radio signal became weaker,0,1,fourties,male,newzealand,
cv-invalid/sample-000043.mp3,i waited all afternoon and evening he said,0,1,twenties,female,us,
cv-invalid/sample-000044.mp3,just teach me to be the wind for a few moments the boy said,0,3,,,,
cv-invalid/sample-000045.mp3,it's almost as if he had been here and left his mark he thought,2,4,,,,
cv-invalid/sample-000046.mp3,what's its value today,0,1,,,,
cv-invalid/sample-000047.mp3,you can't believe it's not butter,1,4,,,,
cv-invalid/sample-000048.mp3,and you've told me nothing along the way said the boy,0,1,,,,
