filename,text,up_votes,down_votes,age,gender,accent,duration
cv-other-train/sample-000000.mp3,he had to spit some tobacco out of his mouth,0,0,seventies,male,england,
cv-other-train/sample-000001.mp3,it took her a while to get used to it,1,1,twenties,male,scotland,
cv-other-train/sample-000002.mp3,you will need some rubber boots,0,0,,,,
cv-other-train/sample-000003.mp3,you can speak a label to click on an element,0,0,fourties,male,us,
cv-other-train/sample-000004.mp3,the priest collapsed backwards,0,0,,,,
cv-other-train/sample-000005.mp3,we're a couple of financial wizards,0,0,twenties,male,newzealand,
cv-other-train/sample-000006.mp3,better hurry and shave,0,0,,,,
cv-other-train/sample-000007.mp3,now listen to me,0,0,fifties,female,us,
cv-other-train/sample-000008.mp3,you called that number not ten minutes ago,0,0,,,,
cv-other-train/sample-000009.mp3,she just stepped out,0,0,fourties,female,us,
cv-other-train/sample-000010.mp3,those women are all card sharks don't be fooled,0,0,,,,
cv-other-train/sample-000011.mp3,wish i had a million dollars,0,0,twenties,male,,
cv-other-train/sample-000012.mp3,ask the owner of that stall how much the sword costs he said to his friend,0,0,twenties,male,indian,
cv-other-train/sample-000013.mp3,i haven't any hard feelings,0,0,,,,
cv-other-train/sample-000014.mp3,there's that reprieve if they ever find out,0,0,,,,
cv-other-train/sample-000015.mp3,the monk was irritated,0,0,thirties,male,england,
cv-other-train/sample-000016.mp3,can i go now,0,0,,,,
cv-other-train/sample-000017.mp3,they were strange books,0,0,,,,
cv-other-train/sample-000018.mp3,what is an alchemist he asked finally,0,0,,,,
cv-other-train/sample-000019.mp3,the ashtray was empty,0,0,,,,
cv-other-train/sample-000020.mp3,or do you think it would spoil him,0,0,,,,
cv-other-train/sample-000021.mp3,what do they want,0,0,thirties,male,us,
cv-other-train/sample-000022.mp3,he says it's the chance of a lifetime,0,0,twenties,female,canada,
cv-other-train/sample-000023.mp3,look how flexible these athletes are,0,0,thirties,male,us,
cv-other-train/sample-000024.mp3,book me and my grandparents a restaurant in saint helens south dakota,0,0,,,,
cv-other-train/sample-000025.mp3,the book was written in spanish,0,0,,,,
cv-other-train/sample-000026.mp3,elizabeth charles is dead,0,0,,,,
cv-other-train/sample-000027.mp3,ii was terribly worried,0,0,,,us,
cv-other-train/sample-000028.mp3,i need to sell some wool the boy told the merchant,0,0,,,,
cv-other-train/sample-000029.mp3,you're the hope of the world,0,0,twenties,male,us,
cv-other-train/sample-000030.mp3,i think its too overwhelming to introduce two complex tools that basically do the same things,0,0,twenties,male,us,
cv-other-train/sample-000031.mp3,before he gets through tonight he'll ruin us all,0,0,,,,
cv-other-train/sample-000032.mp3,any dope yet on how he got out,0,0,fifties,male,ireland,
cv-other-train/sample-000033.mp3,will you come here,0,0,,,,
cv-other-train/sample-000034.mp3,but don't let him interrupt you,0,0,,,,
cv-other-train/sample-000035.mp3,what're you trying to do,0,0,thirties,male,us,
cv-other-train/sample-000036.mp3,i'm afraid the joke's on us,0,0,thirties,male,us,
cv-other-train/sample-000037.mp3,is the butcher boy playing anywhere at supper time,0,0,fourties,male,us,
cv-other-train/sample-000038.mp3,i heard a peculiar humming sound from the pit,1,1,twenties,male,us,
cv-other-train/sample-000039.mp3,let's dance,0,0,sixties,male,wales,
cv-other-train/sample-000040.mp3,seventeen minutes later she was in the water and nearly drowned,0,0,,,,
cv-other-train/sample-000041.mp3,with a bag of marshmallows,0,0,fifties,female,australia,
cv-other-train/sample-000042.mp3,you're far too valuable,0,0,,,,
cv-other-train/sample-000043.mp3,you guys at mozilla should really include every letter of the alphabet into this,0,0,,,,
cv-other-train/sample-000044.mp3,is it cold in vigus tennessee,0,0,twenties,male,indian,
cv-other-train/sample-000045.mp3,come into my office,0,0,teens,male,,
cv-other-train/sample-000046.mp3,we can both hear,0,0,thirties,female,australia,
cv-other-train/sample-000047.mp3,i'm leaving right now,0,0,,,,
cv-other-train/sample-000048.mp3,that was until the site was blocked,0,0,,,,
